CTA,Tujuan,Tone,Cocok untuk,Catatan
Komen 'mau' kalau kamu mau aku share contoh versi #1.,komentar,friendly,"Caption, komentar, DM, bio link",Sesuaikan kata kunci dengan produk yang dipromosikan
DM aku kata 'OS' kalau mau detail isi paketnya #2.,DM,premium santai,"Caption, komentar, DM, bio link",Sesuaikan kata kunci dengan produk yang dipromosikan
"Link lengkapnya aku taruh di bio, tinggal cek yang judulnya Digital Seller OS #3.",cek bio,casual,"Caption, komentar, DM, bio link",Sesuaikan kata kunci dengan produk yang dipromosikan
"Kalau mau mulai hari ini, ambil templatenya sekarang sebelum lupa #4.",beli sekarang,friendly,"Caption, komentar, DM, bio link",Sesuaikan kata kunci dengan produk yang dipromosikan
"Kalau kamu butuh sistem yang tinggal isi, template ini bisa bantu banget #5.",soft selling,premium santai,"Caption, komentar, DM, bio link",Sesuaikan kata kunci dengan produk yang dipromosikan
Simpan dulu biar kamu bisa pakai step ini pas mulai jualan #6.,edukasi,casual,"Caption, komentar, DM, bio link",Sesuaikan kata kunci dengan produk yang dipromosikan
Komen 'mau' kalau kamu mau aku share contoh versi #7.,komentar,friendly,"Caption, komentar, DM, bio link",Sesuaikan kata kunci dengan produk yang dipromosikan
DM aku kata 'OS' kalau mau detail isi paketnya #8.,DM,premium santai,"Caption, komentar, DM, bio link",Sesuaikan kata kunci dengan produk yang dipromosikan
"Link lengkapnya aku taruh di bio, tinggal cek yang judulnya Digital Seller OS #9.",cek bio,casual,"Caption, komentar, DM, bio link",Sesuaikan kata kunci dengan produk yang dipromosikan
"Kalau mau mulai hari ini, ambil templatenya sekarang sebelum lupa #10.",beli sekarang,friendly,"Caption, komentar, DM, bio link",Sesuaikan kata kunci dengan produk yang dipromosikan
"Kalau kamu butuh sistem yang tinggal isi, template ini bisa bantu banget #11.",soft selling,premium santai,"Caption, komentar, DM, bio link",Sesuaikan kata kunci dengan produk yang dipromosikan
Simpan dulu biar kamu bisa pakai step ini pas mulai jualan #12.,edukasi,casual,"Caption, komentar, DM, bio link",Sesuaikan kata kunci dengan produk yang dipromosikan
Komen 'mau' kalau kamu mau aku share contoh versi #13.,komentar,friendly,"Caption, komentar, DM, bio link",Sesuaikan kata kunci dengan produk yang dipromosikan
DM aku kata 'OS' kalau mau detail isi paketnya #14.,DM,premium santai,"Caption, komentar, DM, bio link",Sesuaikan kata kunci dengan produk yang dipromosikan
"Link lengkapnya aku taruh di bio, tinggal cek yang judulnya Digital Seller OS #15.",cek bio,casual,"Caption, komentar, DM, bio link",Sesuaikan kata kunci dengan produk yang dipromosikan
"Kalau mau mulai hari ini, ambil templatenya sekarang sebelum lupa #16.",beli sekarang,friendly,"Caption, komentar, DM, bio link",Sesuaikan kata kunci dengan produk yang dipromosikan
"Kalau kamu butuh sistem yang tinggal isi, template ini bisa bantu banget #17.",soft selling,premium santai,"Caption, komentar, DM, bio link",Sesuaikan kata kunci dengan produk yang dipromosikan
Simpan dulu biar kamu bisa pakai step ini pas mulai jualan #18.,edukasi,casual,"Caption, komentar, DM, bio link",Sesuaikan kata kunci dengan produk yang dipromosikan
Komen 'mau' kalau kamu mau aku share contoh versi #19.,komentar,friendly,"Caption, komentar, DM, bio link",Sesuaikan kata kunci dengan produk yang dipromosikan
DM aku kata 'OS' kalau mau detail isi paketnya #20.,DM,premium santai,"Caption, komentar, DM, bio link",Sesuaikan kata kunci dengan produk yang dipromosikan
"Link lengkapnya aku taruh di bio, tinggal cek yang judulnya Digital Seller OS #21.",cek bio,casual,"Caption, komentar, DM, bio link",Sesuaikan kata kunci dengan produk yang dipromosikan
"Kalau mau mulai hari ini, ambil templatenya sekarang sebelum lupa #22.",beli sekarang,friendly,"Caption, komentar, DM, bio link",Sesuaikan kata kunci dengan produk yang dipromosikan
"Kalau kamu butuh sistem yang tinggal isi, template ini bisa bantu banget #23.",soft selling,premium santai,"Caption, komentar, DM, bio link",Sesuaikan kata kunci dengan produk yang dipromosikan
Simpan dulu biar kamu bisa pakai step ini pas mulai jualan #24.,edukasi,casual,"Caption, komentar, DM, bio link",Sesuaikan kata kunci dengan produk yang dipromosikan
Komen 'mau' kalau kamu mau aku share contoh versi #25.,komentar,friendly,"Caption, komentar, DM, bio link",Sesuaikan kata kunci dengan produk yang dipromosikan
DM aku kata 'OS' kalau mau detail isi paketnya #26.,DM,premium santai,"Caption, komentar, DM, bio link",Sesuaikan kata kunci dengan produk yang dipromosikan
"Link lengkapnya aku taruh di bio, tinggal cek yang judulnya Digital Seller OS #27.",cek bio,casual,"Caption, komentar, DM, bio link",Sesuaikan kata kunci dengan produk yang dipromosikan
"Kalau mau mulai hari ini, ambil templatenya sekarang sebelum lupa #28.",beli sekarang,friendly,"Caption, komentar, DM, bio link",Sesuaikan kata kunci dengan produk yang dipromosikan
"Kalau kamu butuh sistem yang tinggal isi, template ini bisa bantu banget #29.",soft selling,premium santai,"Caption, komentar, DM, bio link",Sesuaikan kata kunci dengan produk yang dipromosikan
Simpan dulu biar kamu bisa pakai step ini pas mulai jualan #30.,edukasi,casual,"Caption, komentar, DM, bio link",Sesuaikan kata kunci dengan produk yang dipromosikan
Komen 'mau' kalau kamu mau aku share contoh versi #31.,komentar,friendly,"Caption, komentar, DM, bio link",Sesuaikan kata kunci dengan produk yang dipromosikan
DM aku kata 'OS' kalau mau detail isi paketnya #32.,DM,premium santai,"Caption, komentar, DM, bio link",Sesuaikan kata kunci dengan produk yang dipromosikan
"Link lengkapnya aku taruh di bio, tinggal cek yang judulnya Digital Seller OS #33.",cek bio,casual,"Caption, komentar, DM, bio link",Sesuaikan kata kunci dengan produk yang dipromosikan
"Kalau mau mulai hari ini, ambil templatenya sekarang sebelum lupa #34.",beli sekarang,friendly,"Caption, komentar, DM, bio link",Sesuaikan kata kunci dengan produk yang dipromosikan
"Kalau kamu butuh sistem yang tinggal isi, template ini bisa bantu banget #35.",soft selling,premium santai,"Caption, komentar, DM, bio link",Sesuaikan kata kunci dengan produk yang dipromosikan
Simpan dulu biar kamu bisa pakai step ini pas mulai jualan #36.,edukasi,casual,"Caption, komentar, DM, bio link",Sesuaikan kata kunci dengan produk yang dipromosikan
Komen 'mau' kalau kamu mau aku share contoh versi #37.,komentar,friendly,"Caption, komentar, DM, bio link",Sesuaikan kata kunci dengan produk yang dipromosikan
DM aku kata 'OS' kalau mau detail isi paketnya #38.,DM,premium santai,"Caption, komentar, DM, bio link",Sesuaikan kata kunci dengan produk yang dipromosikan
"Link lengkapnya aku taruh di bio, tinggal cek yang judulnya Digital Seller OS #39.",cek bio,casual,"Caption, komentar, DM, bio link",Sesuaikan kata kunci dengan produk yang dipromosikan
"Kalau mau mulai hari ini, ambil templatenya sekarang sebelum lupa #40.",beli sekarang,friendly,"Caption, komentar, DM, bio link",Sesuaikan kata kunci dengan produk yang dipromosikan
"Kalau kamu butuh sistem yang tinggal isi, template ini bisa bantu banget #41.",soft selling,premium santai,"Caption, komentar, DM, bio link",Sesuaikan kata kunci dengan produk yang dipromosikan
Simpan dulu biar kamu bisa pakai step ini pas mulai jualan #42.,edukasi,casual,"Caption, komentar, DM, bio link",Sesuaikan kata kunci dengan produk yang dipromosikan
Komen 'mau' kalau kamu mau aku share contoh versi #43.,komentar,friendly,"Caption, komentar, DM, bio link",Sesuaikan kata kunci dengan produk yang dipromosikan
DM aku kata 'OS' kalau mau detail isi paketnya #44.,DM,premium santai,"Caption, komentar, DM, bio link",Sesuaikan kata kunci dengan produk yang dipromosikan
"Link lengkapnya aku taruh di bio, tinggal cek yang judulnya Digital Seller OS #45.",cek bio,casual,"Caption, komentar, DM, bio link",Sesuaikan kata kunci dengan produk yang dipromosikan
"Kalau mau mulai hari ini, ambil templatenya sekarang sebelum lupa #46.",beli sekarang,friendly,"Caption, komentar, DM, bio link",Sesuaikan kata kunci dengan produk yang dipromosikan
"Kalau kamu butuh sistem yang tinggal isi, template ini bisa bantu banget #47.",soft selling,premium santai,"Caption, komentar, DM, bio link",Sesuaikan kata kunci dengan produk yang dipromosikan
Simpan dulu biar kamu bisa pakai step ini pas mulai jualan #48.,edukasi,casual,"Caption, komentar, DM, bio link",Sesuaikan kata kunci dengan produk yang dipromosikan
Komen 'mau' kalau kamu mau aku share contoh versi #49.,komentar,friendly,"Caption, komentar, DM, bio link",Sesuaikan kata kunci dengan produk yang dipromosikan
DM aku kata 'OS' kalau mau detail isi paketnya #50.,DM,premium santai,"Caption, komentar, DM, bio link",Sesuaikan kata kunci dengan produk yang dipromosikan
